run,name,value
0,actualCapacity,
0,actualCapacity,
0,actualCapacity,
0,actualCapacity,
0,actualCapacity,
0,actualCapacity,
0,actualCapacity,9527.3488841517
0,actualCapacity,
0,actualCapacity,
0,actualCapacity,
0,actualCapacity,
0,actualCapacity,
0,actualCapacity,
0,actualCapacity,
0,actualCapacity,
0,actualCapacity,
0,actualCapacity,9066.0086057836
0,actualCapacity,
0,actualCapacity,
0,actualCapacity,
0,actualCapacity,
0,actualCapacity,
0,actualCapacity,
0,actualCapacity,
0,actualCapacity,9080.9270637201
0,actualCapacity,
0,actualCapacity,
0,actualCapacity,
0,actualCapacity,
0,actualCapacity,
0,actualCapacity,
0,actualCapacity,
0,actualCapacity,
0,actualCapacity,
0,actualCapacity,9547.618515728
0,actualCapacity,
0,actualCapacity,
0,actualCapacity,
0,actualCapacity,
0,actualCapacity,
0,actualCapacity,
0,actualCapacity,
0,actualCapacity,
0,actualCapacity,
0,actualCapacity,
0,actualCapacity,9187.274023789
0,actualCapacity,
0,actualCapacity,
0,actualCapacity,
0,actualCapacity,
0,actualCapacity,
0,actualCapacity,
0,actualCapacity,9233.0423628034
0,actualCapacity,
0,actualCapacity,
0,actualCapacity,
0,actualCapacity,
0,actualCapacity,
0,actualCapacity,
0,actualCapacity,
0,actualCapacity,
0,actualCapacity,
0,actualCapacity,
0,actualCapacity,
0,actualCapacity,9173.615597356
0,actualCapacity,
0,actualCapacity,
0,actualCapacity,
0,actualCapacity,
0,actualCapacity,
0,actualCapacity,
0,actualCapacity,
0,actualCapacity,9055.4714560871
0,actualCapacity,
0,actualCapacity,
0,actualCapacity,
0,actualCapacity,
0,actualCapacity,
0,actualCapacity,
0,actualCapacity,
0,actualCapacity,
0,actualCapacity,
0,actualCapacity,
0,actualCapacity,
0,actualCapacity,
0,actualCapacity,
0,actualCapacity,
0,actualCapacity,
0,actualCapacity,
0,actualCapacity,9164.1993720565
0,actualCapacity,
0,actualCapacity,
0,actualCapacity,9305.6048005866
0,actualCapacity,
0,actualCapacity,
0,actualCapacity,
0,actualCapacity,
0,actualCapacity,
0,actualCapacity,
0,actualCapacity,
0,meanMalus,0.0
0,meanMalus,0.0
0,meanMalus,0.0
0,meanMalus,0.0
0,meanMalus,0.0
0,meanMalus,0.0
0,meanMalus,0.0
0,meanMalus,0.0
0,meanMalus,0.0
0,meanMalus,0.0
0,meanMalus,0.0
0,meanMalus,0.0
0,meanMalus,0.0
0,meanMalus,0.0
0,meanMalus,0.0
0,meanMalus,0.0
0,meanMalus,0.0
0,meanMalus,0.0
0,meanMalus,0.0
0,meanMalus,0.0
0,meanMalus,0.0
0,meanMalus,0.0
0,meanMalus,0.0
0,meanMalus,0.0
0,meanMalus,0.0
0,meanMalus,0.0
0,meanMalus,0.0
0,meanMalus,0.0
0,meanMalus,0.0
0,meanMalus,0.0
0,meanMalus,0.0
0,meanMalus,0.0
0,meanMalus,0.0
0,meanMalus,0.0
0,meanMalus,0.0
0,meanMalus,0.0
0,meanMalus,0.0
0,meanMalus,0.0
0,meanMalus,0.0
0,meanMalus,0.0
0,meanMalus,0.0
0,meanMalus,0.0
0,meanMalus,0.0
0,meanMalus,0.0
0,meanMalus,0.0
0,meanMalus,0.0
0,meanMalus,0.0
0,meanMalus,0.0
0,meanMalus,0.0
0,meanMalus,0.0
0,meanMalus,0.0
0,meanMalus,0.0
0,meanMalus,0.0
0,meanMalus,0.0
0,meanMalus,0.0
0,meanMalus,0.0
0,meanMalus,0.0
0,meanMalus,0.0
0,meanMalus,0.0
0,meanMalus,0.0
0,meanMalus,0.0
0,meanMalus,0.0
0,meanMalus,0.0
0,meanMalus,0.0
0,meanMalus,0.0
0,meanMalus,0.0
0,meanMalus,0.0
0,meanMalus,0.0
0,meanMalus,0.0
0,meanMalus,0.0
0,meanMalus,0.0
0,meanMalus,0.0
0,meanMalus,0.0
0,meanMalus,0.0
0,meanMalus,0.0
0,meanMalus,0.0
0,meanMalus,0.0
0,meanMalus,0.0
0,meanMalus,0.0
0,meanMalus,0.0
0,meanMalus,0.0
0,meanMalus,0.0
0,meanMalus,0.0
0,meanMalus,0.0
0,meanMalus,0.0
0,meanMalus,0.0
0,meanMalus,0.0
0,meanMalus,0.0
0,meanMalus,0.0
0,meanMalus,0.0
0,meanMalus,0.0
0,meanMalus,0.0
0,meanMalus,0.0
0,meanMalus,0.0
0,meanMalus,0.0
0,meanMalus,0.0
0,meanMalus,0.0
0,meanMalus,0.0
0,meanMalus,0.0
0,meanMalus,0.0
0,receivedPackets,513411.0
0,responseTime,
0,responseTime,
0,responseTime,
0,responseTime,
0,responseTime,
0,responseTime,
0,responseTime,9.306407512987
0,responseTime,
0,responseTime,
0,responseTime,
0,responseTime,
0,responseTime,
0,responseTime,
0,responseTime,
0,responseTime,
0,responseTime,
0,responseTime,16.838310576435
0,responseTime,
0,responseTime,
0,responseTime,
0,responseTime,
0,responseTime,
0,responseTime,
0,responseTime,
0,responseTime,16.31612740289
0,responseTime,
0,responseTime,
0,responseTime,
0,responseTime,
0,responseTime,
0,responseTime,
0,responseTime,
0,responseTime,
0,responseTime,
0,responseTime,5.156974455224
0,responseTime,
0,responseTime,
0,responseTime,
0,responseTime,
0,responseTime,
0,responseTime,
0,responseTime,
0,responseTime,
0,responseTime,
0,responseTime,
0,responseTime,16.102209955086
0,responseTime,
0,responseTime,
0,responseTime,
0,responseTime,
0,responseTime,
0,responseTime,
0,responseTime,21.423623822355
0,responseTime,
0,responseTime,
0,responseTime,
0,responseTime,
0,responseTime,
0,responseTime,
0,responseTime,
0,responseTime,
0,responseTime,
0,responseTime,
0,responseTime,
0,responseTime,18.178392482796
0,responseTime,
0,responseTime,
0,responseTime,
0,responseTime,
0,responseTime,
0,responseTime,
0,responseTime,
0,responseTime,18.387956134296
0,responseTime,
0,responseTime,
0,responseTime,
0,responseTime,
0,responseTime,
0,responseTime,
0,responseTime,
0,responseTime,
0,responseTime,
0,responseTime,
0,responseTime,
0,responseTime,
0,responseTime,
0,responseTime,
0,responseTime,
0,responseTime,
0,responseTime,18.280203363765
0,responseTime,
0,responseTime,
0,responseTime,15.657903079395
0,responseTime,
0,responseTime,
0,responseTime,
0,responseTime,
0,responseTime,
0,responseTime,
0,responseTime,
0,sentPackets,55799.0
0,sentPackets,56084.0
0,sentPackets,55709.0
0,sentPackets,55367.0
0,sentPackets,55631.0
0,sentPackets,56112.0
0,sentPackets,55627.0
0,sentPackets,55676.0
0,sentPackets,55662.0
0,sentPackets,55915.0
1,actualCapacity,8975.5719775821
1,actualCapacity,
1,actualCapacity,
1,actualCapacity,
1,actualCapacity,
1,actualCapacity,
1,actualCapacity,
1,actualCapacity,
1,actualCapacity,
1,actualCapacity,
1,actualCapacity,
1,actualCapacity,
1,actualCapacity,
1,actualCapacity,
1,actualCapacity,
1,actualCapacity,9247.6724771892
1,actualCapacity,
1,actualCapacity,
1,actualCapacity,
1,actualCapacity,
1,actualCapacity,
1,actualCapacity,
1,actualCapacity,
1,actualCapacity,
1,actualCapacity,
1,actualCapacity,
1,actualCapacity,
1,actualCapacity,9069.9860384981
1,actualCapacity,
1,actualCapacity,
1,actualCapacity,
1,actualCapacity,
1,actualCapacity,
1,actualCapacity,
1,actualCapacity,
1,actualCapacity,
1,actualCapacity,
1,actualCapacity,9065.3403930434
1,actualCapacity,
1,actualCapacity,
1,actualCapacity,
1,actualCapacity,
1,actualCapacity,
1,actualCapacity,9064.3839772975
1,actualCapacity,
1,actualCapacity,
1,actualCapacity,
1,actualCapacity,
1,actualCapacity,
1,actualCapacity,
1,actualCapacity,
1,actualCapacity,
1,actualCapacity,
1,actualCapacity,
1,actualCapacity,
1,actualCapacity,
1,actualCapacity,
1,actualCapacity,
1,actualCapacity,9097.5601052361
1,actualCapacity,
1,actualCapacity,
1,actualCapacity,
1,actualCapacity,
1,actualCapacity,
1,actualCapacity,
1,actualCapacity,9055.5462253286
1,actualCapacity,
1,actualCapacity,
1,actualCapacity,
1,actualCapacity,
1,actualCapacity,
1,actualCapacity,
1,actualCapacity,
1,actualCapacity,
1,actualCapacity,
1,actualCapacity,
1,actualCapacity,
1,actualCapacity,
1,actualCapacity,9293.5192012587
1,actualCapacity,
1,actualCapacity,
1,actualCapacity,
1,actualCapacity,
1,actualCapacity,
1,actualCapacity,
1,actualCapacity,
1,actualCapacity,
1,actualCapacity,9073.1717985782
1,actualCapacity,
1,actualCapacity,
1,actualCapacity,
1,actualCapacity,
1,actualCapacity,
1,actualCapacity,
1,actualCapacity,8911.9991921803
1,actualCapacity,
1,actualCapacity,
1,actualCapacity,
1,actualCapacity,
1,actualCapacity,
1,meanMalus,0.0
1,meanMalus,0.0
1,meanMalus,0.0
1,meanMalus,0.0
1,meanMalus,0.0
1,meanMalus,0.0
1,meanMalus,0.0
1,meanMalus,0.0
1,meanMalus,0.0
1,meanMalus,0.0
1,meanMalus,0.0
1,meanMalus,0.0
1,meanMalus,0.0
1,meanMalus,0.0
1,meanMalus,0.0
1,meanMalus,0.0
1,meanMalus,0.0
1,meanMalus,0.0
1,meanMalus,0.0
1,meanMalus,0.0
1,meanMalus,0.0
1,meanMalus,0.0
1,meanMalus,0.0
1,meanMalus,0.0
1,meanMalus,0.0
1,meanMalus,0.0
1,meanMalus,0.0
1,meanMalus,0.0
1,meanMalus,0.0
1,meanMalus,0.0
1,meanMalus,0.0
1,meanMalus,0.0
1,meanMalus,0.0
1,meanMalus,0.0
1,meanMalus,0.0
1,meanMalus,0.0
1,meanMalus,0.0
1,meanMalus,0.0
1,meanMalus,0.0
1,meanMalus,0.0
1,meanMalus,0.0
1,meanMalus,0.0
1,meanMalus,0.0
1,meanMalus,0.0
1,meanMalus,0.0
1,meanMalus,0.0
1,meanMalus,0.0
1,meanMalus,0.0
1,meanMalus,0.0
1,meanMalus,0.0
1,meanMalus,0.0
1,meanMalus,0.0
1,meanMalus,0.0
1,meanMalus,0.0
1,meanMalus,0.0
1,meanMalus,0.0
1,meanMalus,0.0
1,meanMalus,0.0
1,meanMalus,0.0
1,meanMalus,0.0
1,meanMalus,0.0
1,meanMalus,0.0
1,meanMalus,0.0
1,meanMalus,0.0
1,meanMalus,0.0
1,meanMalus,0.0
1,meanMalus,0.0
1,meanMalus,0.0
1,meanMalus,0.0
1,meanMalus,0.0
1,meanMalus,0.0
1,meanMalus,0.0
1,meanMalus,0.0
1,meanMalus,0.0
1,meanMalus,0.0
1,meanMalus,0.0
1,meanMalus,0.0
1,meanMalus,0.0
1,meanMalus,0.0
1,meanMalus,0.0
1,meanMalus,0.0
1,meanMalus,0.0
1,meanMalus,0.0
1,meanMalus,0.0
1,meanMalus,0.0
1,meanMalus,0.0
1,meanMalus,0.0
1,meanMalus,0.0
1,meanMalus,0.0
1,meanMalus,0.0
1,meanMalus,0.0
1,meanMalus,0.0
1,meanMalus,0.0
1,meanMalus,0.0
1,meanMalus,0.0
1,meanMalus,0.0
1,meanMalus,0.0
1,meanMalus,0.0
1,meanMalus,0.0
1,meanMalus,0.0
1,receivedPackets,505088.0
1,responseTime,20.488255063736
1,responseTime,
1,responseTime,
1,responseTime,
1,responseTime,
1,responseTime,
1,responseTime,
1,responseTime,
1,responseTime,
1,responseTime,
1,responseTime,
1,responseTime,
1,responseTime,
1,responseTime,
1,responseTime,
1,responseTime,12.109138388567
1,responseTime,
1,responseTime,
1,responseTime,
1,responseTime,
1,responseTime,
1,responseTime,
1,responseTime,
1,responseTime,
1,responseTime,
1,responseTime,
1,responseTime,
1,responseTime,16.452112263149
1,responseTime,
1,responseTime,
1,responseTime,
1,responseTime,
1,responseTime,
1,responseTime,
1,responseTime,
1,responseTime,
1,responseTime,
1,responseTime,17.733587102545
1,responseTime,
1,responseTime,
1,responseTime,
1,responseTime,
1,responseTime,
1,responseTime,16.458812507073
1,responseTime,
1,responseTime,
1,responseTime,
1,responseTime,
1,responseTime,
1,responseTime,
1,responseTime,
1,responseTime,
1,responseTime,
1,responseTime,
1,responseTime,
1,responseTime,
1,responseTime,
1,responseTime,
1,responseTime,19.597332281276
1,responseTime,
1,responseTime,
1,responseTime,
1,responseTime,
1,responseTime,
1,responseTime,
1,responseTime,16.62862853602
1,responseTime,
1,responseTime,
1,responseTime,
1,responseTime,
1,responseTime,
1,responseTime,
1,responseTime,
1,responseTime,
1,responseTime,
1,responseTime,
1,responseTime,
1,responseTime,
1,responseTime,21.979117448333
1,responseTime,
1,responseTime,
1,responseTime,
1,responseTime,
1,responseTime,
1,responseTime,
1,responseTime,
1,responseTime,
1,responseTime,18.488178587065
1,responseTime,
1,responseTime,
1,responseTime,
1,responseTime,
1,responseTime,
1,responseTime,
1,responseTime,21.598987479969
1,responseTime,
1,responseTime,
1,responseTime,
1,responseTime,
1,responseTime,
1,sentPackets,55811.0
1,sentPackets,55869.0
1,sentPackets,55574.0
1,sentPackets,55535.0
1,sentPackets,55645.0
1,sentPackets,55502.0
1,sentPackets,55273.0
1,sentPackets,55935.0
1,sentPackets,55676.0
1,sentPackets,55560.0
2,actualCapacity,
2,actualCapacity,
2,actualCapacity,
2,actualCapacity,
2,actualCapacity,
2,actualCapacity,
2,actualCapacity,
2,actualCapacity,9032.7053494993
2,actualCapacity,
2,actualCapacity,
2,actualCapacity,
2,actualCapacity,
2,actualCapacity,
2,actualCapacity,
2,actualCapacity,
2,actualCapacity,
2,actualCapacity,9479.017761013
2,actualCapacity,
2,actualCapacity,
2,actualCapacity,
2,actualCapacity,
2,actualCapacity,
2,actualCapacity,
2,actualCapacity,
2,actualCapacity,9082.349284286
2,actualCapacity,
2,actualCapacity,
2,actualCapacity,
2,actualCapacity,
2,actualCapacity,
2,actualCapacity,
2,actualCapacity,9025.9831248878
2,actualCapacity,
2,actualCapacity,
2,actualCapacity,
2,actualCapacity,
2,actualCapacity,
2,actualCapacity,
2,actualCapacity,
2,actualCapacity,
2,actualCapacity,9143.953539127
2,actualCapacity,
2,actualCapacity,
2,actualCapacity,
2,actualCapacity,
2,actualCapacity,
2,actualCapacity,
2,actualCapacity,
2,actualCapacity,
2,actualCapacity,
2,actualCapacity,
2,actualCapacity,
2,actualCapacity,
2,actualCapacity,
2,actualCapacity,
2,actualCapacity,9137.0068888145
2,actualCapacity,
2,actualCapacity,
2,actualCapacity,
2,actualCapacity,
2,actualCapacity,
2,actualCapacity,
2,actualCapacity,
2,actualCapacity,
2,actualCapacity,
2,actualCapacity,
2,actualCapacity,8750.6128826662
2,actualCapacity,
2,actualCapacity,
2,actualCapacity,
2,actualCapacity,
2,actualCapacity,9159.5186931494
2,actualCapacity,
2,actualCapacity,
2,actualCapacity,
2,actualCapacity,
2,actualCapacity,
2,actualCapacity,
2,actualCapacity,
2,actualCapacity,
2,actualCapacity,
2,actualCapacity,
2,actualCapacity,9130.6221425899
2,actualCapacity,
2,actualCapacity,
2,actualCapacity,
2,actualCapacity,
2,actualCapacity,
2,actualCapacity,
2,actualCapacity,
2,actualCapacity,9130.7911827915
2,actualCapacity,
2,actualCapacity,
2,actualCapacity,
2,actualCapacity,
2,actualCapacity,
2,actualCapacity,
2,actualCapacity,
2,actualCapacity,
2,actualCapacity,
2,meanMalus,0.0
2,meanMalus,0.0
2,meanMalus,0.0
2,meanMalus,0.0
2,meanMalus,0.0
2,meanMalus,0.0
2,meanMalus,0.0
2,meanMalus,0.0
2,meanMalus,0.0
2,meanMalus,0.0
2,meanMalus,0.0
2,meanMalus,0.0
2,meanMalus,0.0
2,meanMalus,0.0
2,meanMalus,0.0
2,meanMalus,0.0
2,meanMalus,0.0
2,meanMalus,0.0
2,meanMalus,0.0
2,meanMalus,0.0
2,meanMalus,0.0
2,meanMalus,0.0
2,meanMalus,0.0
2,meanMalus,0.0
2,meanMalus,0.0
2,meanMalus,0.0
2,meanMalus,0.0
2,meanMalus,0.0
2,meanMalus,0.0
2,meanMalus,0.0
2,meanMalus,0.0
2,meanMalus,0.0
2,meanMalus,0.0
2,meanMalus,0.0
2,meanMalus,0.0
2,meanMalus,0.0
2,meanMalus,0.0
2,meanMalus,0.0
2,meanMalus,0.0
2,meanMalus,0.0
2,meanMalus,0.0
2,meanMalus,0.0
2,meanMalus,0.0
2,meanMalus,0.0
2,meanMalus,0.0
2,meanMalus,0.0
2,meanMalus,0.0
2,meanMalus,0.0
2,meanMalus,0.0
2,meanMalus,0.0
2,meanMalus,0.0
2,meanMalus,0.0
2,meanMalus,0.0
2,meanMalus,0.0
2,meanMalus,0.0
2,meanMalus,0.0
2,meanMalus,0.0
2,meanMalus,0.0
2,meanMalus,0.0
2,meanMalus,0.0
2,meanMalus,0.0
2,meanMalus,0.0
2,meanMalus,0.0
2,meanMalus,0.0
2,meanMalus,0.0
2,meanMalus,0.0
2,meanMalus,0.0
2,meanMalus,0.0
2,meanMalus,0.0
2,meanMalus,0.0
2,meanMalus,0.0
2,meanMalus,0.0
2,meanMalus,0.0
2,meanMalus,0.0
2,meanMalus,0.0
2,meanMalus,0.0
2,meanMalus,0.0
2,meanMalus,0.0
2,meanMalus,0.0
2,meanMalus,0.0
2,meanMalus,0.0
2,meanMalus,0.0
2,meanMalus,0.0
2,meanMalus,0.0
2,meanMalus,0.0
2,meanMalus,0.0
2,meanMalus,0.0
2,meanMalus,0.0
2,meanMalus,0.0
2,meanMalus,0.0
2,meanMalus,0.0
2,meanMalus,0.0
2,meanMalus,0.0
2,meanMalus,0.0
2,meanMalus,0.0
2,meanMalus,0.0
2,meanMalus,0.0
2,meanMalus,0.0
2,meanMalus,0.0
2,meanMalus,0.0
2,receivedPackets,506342.0
2,responseTime,
2,responseTime,
2,responseTime,
2,responseTime,
2,responseTime,
2,responseTime,
2,responseTime,
2,responseTime,22.758760802706
2,responseTime,
2,responseTime,
2,responseTime,
2,responseTime,
2,responseTime,
2,responseTime,
2,responseTime,
2,responseTime,
2,responseTime,12.135463737812
2,responseTime,
2,responseTime,
2,responseTime,
2,responseTime,
2,responseTime,
2,responseTime,
2,responseTime,
2,responseTime,21.444706742598
2,responseTime,
2,responseTime,
2,responseTime,
2,responseTime,
2,responseTime,
2,responseTime,
2,responseTime,15.716237502932
2,responseTime,
2,responseTime,
2,responseTime,
2,responseTime,
2,responseTime,
2,responseTime,
2,responseTime,
2,responseTime,
2,responseTime,18.68573016781
2,responseTime,
2,responseTime,
2,responseTime,
2,responseTime,
2,responseTime,
2,responseTime,
2,responseTime,
2,responseTime,
2,responseTime,
2,responseTime,
2,responseTime,
2,responseTime,
2,responseTime,
2,responseTime,
2,responseTime,20.230280616327
2,responseTime,
2,responseTime,
2,responseTime,
2,responseTime,
2,responseTime,
2,responseTime,
2,responseTime,
2,responseTime,
2,responseTime,
2,responseTime,
2,responseTime,26.405875047874
2,responseTime,
2,responseTime,
2,responseTime,
2,responseTime,
2,responseTime,18.554442251802
2,responseTime,
2,responseTime,
2,responseTime,
2,responseTime,
2,responseTime,
2,responseTime,
2,responseTime,
2,responseTime,
2,responseTime,
2,responseTime,
2,responseTime,19.83155705315
2,responseTime,
2,responseTime,
2,responseTime,
2,responseTime,
2,responseTime,
2,responseTime,
2,responseTime,
2,responseTime,17.584345032659
2,responseTime,
2,responseTime,
2,responseTime,
2,responseTime,
2,responseTime,
2,responseTime,
2,responseTime,
2,responseTime,
2,responseTime,
2,sentPackets,55739.0
2,sentPackets,55525.0
2,sentPackets,55984.0
2,sentPackets,55412.0
2,sentPackets,56281.0
2,sentPackets,55686.0
2,sentPackets,55905.0
2,sentPackets,55850.0
2,sentPackets,55797.0
2,sentPackets,55998.0
3,actualCapacity,
3,actualCapacity,
3,actualCapacity,
3,actualCapacity,
3,actualCapacity,
3,actualCapacity,
3,actualCapacity,
3,actualCapacity,
3,actualCapacity,
3,actualCapacity,9430.6592732331
3,actualCapacity,
3,actualCapacity,
3,actualCapacity,
3,actualCapacity,
3,actualCapacity,
3,actualCapacity,9186.3555951379
3,actualCapacity,
3,actualCapacity,
3,actualCapacity,
3,actualCapacity,
3,actualCapacity,
3,actualCapacity,
3,actualCapacity,
3,actualCapacity,
3,actualCapacity,
3,actualCapacity,
3,actualCapacity,
3,actualCapacity,9027.1910311579
3,actualCapacity,
3,actualCapacity,
3,actualCapacity,
3,actualCapacity,9159.7586525422
3,actualCapacity,
3,actualCapacity,
3,actualCapacity,
3,actualCapacity,
3,actualCapacity,
3,actualCapacity,
3,actualCapacity,
3,actualCapacity,
3,actualCapacity,
3,actualCapacity,9371.4371394069
3,actualCapacity,
3,actualCapacity,
3,actualCapacity,
3,actualCapacity,
3,actualCapacity,
3,actualCapacity,
3,actualCapacity,
3,actualCapacity,
3,actualCapacity,
3,actualCapacity,
3,actualCapacity,
3,actualCapacity,8822.6202425678
3,actualCapacity,
3,actualCapacity,
3,actualCapacity,
3,actualCapacity,
3,actualCapacity,
3,actualCapacity,
3,actualCapacity,
3,actualCapacity,
3,actualCapacity,9243.4631843314
3,actualCapacity,
3,actualCapacity,
3,actualCapacity,
3,actualCapacity,
3,actualCapacity,
3,actualCapacity,
3,actualCapacity,
3,actualCapacity,9124.9781871921
3,actualCapacity,
3,actualCapacity,
3,actualCapacity,
3,actualCapacity,
3,actualCapacity,
3,actualCapacity,
3,actualCapacity,
3,actualCapacity,
3,actualCapacity,
3,actualCapacity,
3,actualCapacity,
3,actualCapacity,
3,actualCapacity,
3,actualCapacity,
3,actualCapacity,
3,actualCapacity,
3,actualCapacity,
3,actualCapacity,
3,actualCapacity,8964.4392703217
3,actualCapacity,
3,actualCapacity,
3,actualCapacity,
3,actualCapacity,
3,actualCapacity,
3,actualCapacity,
3,actualCapacity,9289.1114875329
3,actualCapacity,
3,actualCapacity,
3,actualCapacity,
3,meanMalus,0.0
3,meanMalus,0.0
3,meanMalus,0.0
3,meanMalus,0.0
3,meanMalus,0.0
3,meanMalus,0.0
3,meanMalus,0.0
3,meanMalus,0.0
3,meanMalus,0.0
3,meanMalus,0.0
3,meanMalus,0.0
3,meanMalus,0.0
3,meanMalus,0.0
3,meanMalus,0.0
3,meanMalus,0.0
3,meanMalus,0.0
3,meanMalus,0.0
3,meanMalus,0.0
3,meanMalus,0.0
3,meanMalus,0.0
3,meanMalus,0.0
3,meanMalus,0.0
3,meanMalus,0.0
3,meanMalus,0.0
3,meanMalus,0.0
3,meanMalus,0.0
3,meanMalus,0.0
3,meanMalus,0.0
3,meanMalus,0.0
3,meanMalus,0.0
3,meanMalus,0.0
3,meanMalus,0.0
3,meanMalus,0.0
3,meanMalus,0.0
3,meanMalus,0.0
3,meanMalus,0.0
3,meanMalus,0.0
3,meanMalus,0.0
3,meanMalus,0.0
3,meanMalus,0.0
3,meanMalus,0.0
3,meanMalus,0.0
3,meanMalus,0.0
3,meanMalus,0.0
3,meanMalus,0.0
3,meanMalus,0.0
3,meanMalus,0.0
3,meanMalus,0.0
3,meanMalus,0.0
3,meanMalus,0.0
3,meanMalus,0.0
3,meanMalus,0.0
3,meanMalus,0.0
3,meanMalus,0.0
3,meanMalus,0.0
3,meanMalus,0.0
3,meanMalus,0.0
3,meanMalus,0.0
3,meanMalus,0.0
3,meanMalus,0.0
3,meanMalus,0.0
3,meanMalus,0.0
3,meanMalus,0.0
3,meanMalus,0.0
3,meanMalus,0.0
3,meanMalus,0.0
3,meanMalus,0.0
3,meanMalus,0.0
3,meanMalus,0.0
3,meanMalus,0.0
3,meanMalus,0.0
3,meanMalus,0.0
3,meanMalus,0.0
3,meanMalus,0.0
3,meanMalus,0.0
3,meanMalus,0.0
3,meanMalus,0.0
3,meanMalus,0.0
3,meanMalus,0.0
3,meanMalus,0.0
3,meanMalus,0.0
3,meanMalus,0.0
3,meanMalus,0.0
3,meanMalus,0.0
3,meanMalus,0.0
3,meanMalus,0.0
3,meanMalus,0.0
3,meanMalus,0.0
3,meanMalus,0.0
3,meanMalus,0.0
3,meanMalus,0.0
3,meanMalus,0.0
3,meanMalus,0.0
3,meanMalus,0.0
3,meanMalus,0.0
3,meanMalus,0.0
3,meanMalus,0.0
3,meanMalus,0.0
3,meanMalus,0.0
3,meanMalus,0.0
3,receivedPackets,509447.0
3,responseTime,
3,responseTime,
3,responseTime,
3,responseTime,
3,responseTime,
3,responseTime,
3,responseTime,
3,responseTime,
3,responseTime,
3,responseTime,11.815742450116
3,responseTime,
3,responseTime,
3,responseTime,
3,responseTime,
3,responseTime,
3,responseTime,17.651626704087
3,responseTime,
3,responseTime,
3,responseTime,
3,responseTime,
3,responseTime,
3,responseTime,
3,responseTime,
3,responseTime,
3,responseTime,
3,responseTime,
3,responseTime,
3,responseTime,19.520652216079
3,responseTime,
3,responseTime,
3,responseTime,
3,responseTime,16.940764848679
3,responseTime,
3,responseTime,
3,responseTime,
3,responseTime,
3,responseTime,
3,responseTime,
3,responseTime,
3,responseTime,
3,responseTime,
3,responseTime,11.599740090234
3,responseTime,
3,responseTime,
3,responseTime,
3,responseTime,
3,responseTime,
3,responseTime,
3,responseTime,
3,responseTime,
3,responseTime,
3,responseTime,
3,responseTime,
3,responseTime,22.175602276757
3,responseTime,
3,responseTime,
3,responseTime,
3,responseTime,
3,responseTime,
3,responseTime,
3,responseTime,
3,responseTime,
3,responseTime,20.662280253994
3,responseTime,
3,responseTime,
3,responseTime,
3,responseTime,
3,responseTime,
3,responseTime,
3,responseTime,
3,responseTime,16.043975236165
3,responseTime,
3,responseTime,
3,responseTime,
3,responseTime,
3,responseTime,
3,responseTime,
3,responseTime,
3,responseTime,
3,responseTime,
3,responseTime,
3,responseTime,
3,responseTime,
3,responseTime,
3,responseTime,
3,responseTime,
3,responseTime,
3,responseTime,
3,responseTime,
3,responseTime,22.28525786545
3,responseTime,
3,responseTime,
3,responseTime,
3,responseTime,
3,responseTime,
3,responseTime,
3,responseTime,14.747760527281
3,responseTime,
3,responseTime,
3,responseTime,
3,sentPackets,55373.0
3,sentPackets,55578.0
3,sentPackets,55997.0
3,sentPackets,55649.0
3,sentPackets,55470.0
3,sentPackets,55665.0
3,sentPackets,56210.0
3,sentPackets,55696.0
3,sentPackets,55768.0
3,sentPackets,55808.0
4,actualCapacity,
4,actualCapacity,9008.9286754874
4,actualCapacity,
4,actualCapacity,
4,actualCapacity,
4,actualCapacity,
4,actualCapacity,
4,actualCapacity,
4,actualCapacity,
4,actualCapacity,
4,actualCapacity,
4,actualCapacity,
4,actualCapacity,
4,actualCapacity,
4,actualCapacity,
4,actualCapacity,
4,actualCapacity,
4,actualCapacity,
4,actualCapacity,
4,actualCapacity,8353.8051277639
4,actualCapacity,
4,actualCapacity,
4,actualCapacity,
4,actualCapacity,
4,actualCapacity,
4,actualCapacity,
4,actualCapacity,
4,actualCapacity,
4,actualCapacity,9373.1019898586
4,actualCapacity,
4,actualCapacity,
4,actualCapacity,
4,actualCapacity,
4,actualCapacity,
4,actualCapacity,
4,actualCapacity,
4,actualCapacity,
4,actualCapacity,9171.9356339438
4,actualCapacity,
4,actualCapacity,
4,actualCapacity,
4,actualCapacity,
4,actualCapacity,
4,actualCapacity,
4,actualCapacity,
4,actualCapacity,9239.3714030002
4,actualCapacity,
4,actualCapacity,
4,actualCapacity,
4,actualCapacity,
4,actualCapacity,
4,actualCapacity,
4,actualCapacity,
4,actualCapacity,
4,actualCapacity,
4,actualCapacity,8670.4059097978
4,actualCapacity,
4,actualCapacity,
4,actualCapacity,
4,actualCapacity,
4,actualCapacity,
4,actualCapacity,
4,actualCapacity,
4,actualCapacity,
4,actualCapacity,
4,actualCapacity,
4,actualCapacity,
4,actualCapacity,
4,actualCapacity,
4,actualCapacity,9565.3315511042
4,actualCapacity,
4,actualCapacity,
4,actualCapacity,
4,actualCapacity,8844.0256790826
4,actualCapacity,
4,actualCapacity,
4,actualCapacity,
4,actualCapacity,
4,actualCapacity,
4,actualCapacity,
4,actualCapacity,
4,actualCapacity,
4,actualCapacity,
4,actualCapacity,
4,actualCapacity,
4,actualCapacity,
4,actualCapacity,9280.0448032838
4,actualCapacity,
4,actualCapacity,
4,actualCapacity,
4,actualCapacity,
4,actualCapacity,9534.9741085067
4,actualCapacity,
4,actualCapacity,
4,actualCapacity,
4,actualCapacity,
4,actualCapacity,
4,actualCapacity,
4,actualCapacity,
4,actualCapacity,
4,meanMalus,0.0
4,meanMalus,0.0
4,meanMalus,0.0
4,meanMalus,0.0
4,meanMalus,0.0
4,meanMalus,0.0
4,meanMalus,0.0
4,meanMalus,0.0
4,meanMalus,0.0
4,meanMalus,0.0
4,meanMalus,0.0
4,meanMalus,0.0
4,meanMalus,0.0
4,meanMalus,0.0
4,meanMalus,0.0
4,meanMalus,0.0
4,meanMalus,0.0
4,meanMalus,0.0
4,meanMalus,0.0
4,meanMalus,0.0
4,meanMalus,0.0
4,meanMalus,0.0
4,meanMalus,0.0
4,meanMalus,0.0
4,meanMalus,0.0
4,meanMalus,0.0
4,meanMalus,0.0
4,meanMalus,0.0
4,meanMalus,0.0
4,meanMalus,0.0
4,meanMalus,0.0
4,meanMalus,0.0
4,meanMalus,0.0
4,meanMalus,0.0
4,meanMalus,0.0
4,meanMalus,0.0
4,meanMalus,0.0
4,meanMalus,0.0
4,meanMalus,0.0
4,meanMalus,0.0
4,meanMalus,0.0
4,meanMalus,0.0
4,meanMalus,0.0
4,meanMalus,0.0
4,meanMalus,0.0
4,meanMalus,0.0
4,meanMalus,0.0
4,meanMalus,0.0
4,meanMalus,0.0
4,meanMalus,0.0
4,meanMalus,0.0
4,meanMalus,0.0
4,meanMalus,0.0
4,meanMalus,0.0
4,meanMalus,0.0
4,meanMalus,0.0
4,meanMalus,0.0
4,meanMalus,0.0
4,meanMalus,0.0
4,meanMalus,0.0
4,meanMalus,0.0
4,meanMalus,0.0
4,meanMalus,0.0
4,meanMalus,0.0
4,meanMalus,0.0
4,meanMalus,0.0
4,meanMalus,0.0
4,meanMalus,0.0
4,meanMalus,0.0
4,meanMalus,0.0
4,meanMalus,0.0
4,meanMalus,0.0
4,meanMalus,0.0
4,meanMalus,0.0
4,meanMalus,0.0
4,meanMalus,0.0
4,meanMalus,0.0
4,meanMalus,0.0
4,meanMalus,0.0
4,meanMalus,0.0
4,meanMalus,0.0
4,meanMalus,0.0
4,meanMalus,0.0
4,meanMalus,0.0
4,meanMalus,0.0
4,meanMalus,0.0
4,meanMalus,0.0
4,meanMalus,0.0
4,meanMalus,0.0
4,meanMalus,0.0
4,meanMalus,0.0
4,meanMalus,0.0
4,meanMalus,0.0
4,meanMalus,0.0
4,meanMalus,0.0
4,meanMalus,0.0
4,meanMalus,0.0
4,meanMalus,0.0
4,meanMalus,0.0
4,meanMalus,0.0
4,receivedPackets,506208.0
4,responseTime,
4,responseTime,19.096585721227
4,responseTime,
4,responseTime,
4,responseTime,
4,responseTime,
4,responseTime,
4,responseTime,
4,responseTime,
4,responseTime,
4,responseTime,
4,responseTime,
4,responseTime,
4,responseTime,
4,responseTime,
4,responseTime,
4,responseTime,
4,responseTime,
4,responseTime,
4,responseTime,33.876629360957
4,responseTime,
4,responseTime,
4,responseTime,
4,responseTime,
4,responseTime,
4,responseTime,
4,responseTime,
4,responseTime,
4,responseTime,15.848725510913
4,responseTime,
4,responseTime,
4,responseTime,
4,responseTime,
4,responseTime,
4,responseTime,
4,responseTime,
4,responseTime,
4,responseTime,16.52324111549
4,responseTime,
4,responseTime,
4,responseTime,
4,responseTime,
4,responseTime,
4,responseTime,
4,responseTime,
4,responseTime,17.781566746815
4,responseTime,
4,responseTime,
4,responseTime,
4,responseTime,
4,responseTime,
4,responseTime,
4,responseTime,
4,responseTime,
4,responseTime,
4,responseTime,27.356614588551
4,responseTime,
4,responseTime,
4,responseTime,
4,responseTime,
4,responseTime,
4,responseTime,
4,responseTime,
4,responseTime,
4,responseTime,
4,responseTime,
4,responseTime,
4,responseTime,
4,responseTime,
4,responseTime,12.680391618514
4,responseTime,
4,responseTime,
4,responseTime,
4,responseTime,19.711633545391
4,responseTime,
4,responseTime,
4,responseTime,
4,responseTime,
4,responseTime,
4,responseTime,
4,responseTime,
4,responseTime,
4,responseTime,
4,responseTime,
4,responseTime,
4,responseTime,
4,responseTime,18.250029937386
4,responseTime,
4,responseTime,
4,responseTime,
4,responseTime,
4,responseTime,11.752509029001
4,responseTime,
4,responseTime,
4,responseTime,
4,responseTime,
4,responseTime,
4,responseTime,
4,responseTime,
4,responseTime,
4,sentPackets,55472.0
4,sentPackets,56139.0
4,sentPackets,55767.0
4,sentPackets,55665.0
4,sentPackets,55588.0
4,sentPackets,55419.0
4,sentPackets,55407.0
4,sentPackets,55637.0
4,sentPackets,55995.0
4,sentPackets,56161.0
5,actualCapacity,
5,actualCapacity,
5,actualCapacity,
5,actualCapacity,
5,actualCapacity,
5,actualCapacity,
5,actualCapacity,9053.313113416
5,actualCapacity,
5,actualCapacity,
5,actualCapacity,
5,actualCapacity,
5,actualCapacity,
5,actualCapacity,
5,actualCapacity,
5,actualCapacity,
5,actualCapacity,
5,actualCapacity,
5,actualCapacity,
5,actualCapacity,
5,actualCapacity,9665.7589600743
5,actualCapacity,
5,actualCapacity,
5,actualCapacity,8217.0774209065
5,actualCapacity,
5,actualCapacity,
5,actualCapacity,
5,actualCapacity,
5,actualCapacity,
5,actualCapacity,
5,actualCapacity,
5,actualCapacity,
5,actualCapacity,
5,actualCapacity,
5,actualCapacity,
5,actualCapacity,
5,actualCapacity,
5,actualCapacity,
5,actualCapacity,
5,actualCapacity,
5,actualCapacity,8891.6293298802
5,actualCapacity,
5,actualCapacity,
5,actualCapacity,
5,actualCapacity,
5,actualCapacity,
5,actualCapacity,
5,actualCapacity,9056.9229441524
5,actualCapacity,
5,actualCapacity,
5,actualCapacity,
5,actualCapacity,
5,actualCapacity,
5,actualCapacity,
5,actualCapacity,
5,actualCapacity,
5,actualCapacity,
5,actualCapacity,
5,actualCapacity,
5,actualCapacity,8845.2379953142
5,actualCapacity,
5,actualCapacity,
5,actualCapacity,
5,actualCapacity,
5,actualCapacity,
5,actualCapacity,
5,actualCapacity,9040.3041212507
5,actualCapacity,
5,actualCapacity,
5,actualCapacity,
5,actualCapacity,
5,actualCapacity,
5,actualCapacity,9234.3926621959
5,actualCapacity,
5,actualCapacity,
5,actualCapacity,
5,actualCapacity,
5,actualCapacity,
5,actualCapacity,
5,actualCapacity,
5,actualCapacity,
5,actualCapacity,
5,actualCapacity,
5,actualCapacity,
5,actualCapacity,9024.1542141775
5,actualCapacity,
5,actualCapacity,
5,actualCapacity,
5,actualCapacity,
5,actualCapacity,
5,actualCapacity,
5,actualCapacity,8948.0910534143
5,actualCapacity,
5,actualCapacity,
5,actualCapacity,
5,actualCapacity,
5,actualCapacity,
5,actualCapacity,
5,actualCapacity,
5,actualCapacity,
5,actualCapacity,
5,meanMalus,0.0
5,meanMalus,0.0
5,meanMalus,0.0
5,meanMalus,0.0
5,meanMalus,0.0
5,meanMalus,0.0
5,meanMalus,0.0
5,meanMalus,0.0
5,meanMalus,0.0
5,meanMalus,0.0
5,meanMalus,0.0
5,meanMalus,0.0
5,meanMalus,0.0
5,meanMalus,0.0
5,meanMalus,0.0
5,meanMalus,0.0
5,meanMalus,0.0
5,meanMalus,0.0
5,meanMalus,0.0
5,meanMalus,0.0
5,meanMalus,0.0
5,meanMalus,0.0
5,meanMalus,0.0
5,meanMalus,0.0
5,meanMalus,0.0
5,meanMalus,0.0
5,meanMalus,0.0
5,meanMalus,0.0
5,meanMalus,0.0
5,meanMalus,0.0
5,meanMalus,0.0
5,meanMalus,0.0
5,meanMalus,0.0
5,meanMalus,0.0
5,meanMalus,0.0
5,meanMalus,0.0
5,meanMalus,0.0
5,meanMalus,0.0
5,meanMalus,0.0
5,meanMalus,0.0
5,meanMalus,0.0
5,meanMalus,0.0
5,meanMalus,0.0
5,meanMalus,0.0
5,meanMalus,0.0
5,meanMalus,0.0
5,meanMalus,0.0
5,meanMalus,0.0
5,meanMalus,0.0
5,meanMalus,0.0
5,meanMalus,0.0
5,meanMalus,0.0
5,meanMalus,0.0
5,meanMalus,0.0
5,meanMalus,0.0
5,meanMalus,0.0
5,meanMalus,0.0
5,meanMalus,0.0
5,meanMalus,0.0
5,meanMalus,0.0
5,meanMalus,0.0
5,meanMalus,0.0
5,meanMalus,0.0
5,meanMalus,0.0
5,meanMalus,0.0
5,meanMalus,0.0
5,meanMalus,0.0
5,meanMalus,0.0
5,meanMalus,0.0
5,meanMalus,0.0
5,meanMalus,0.0
5,meanMalus,0.0
5,meanMalus,0.0
5,meanMalus,0.0
5,meanMalus,0.0
5,meanMalus,0.0
5,meanMalus,0.0
5,meanMalus,0.0
5,meanMalus,0.0
5,meanMalus,0.0
5,meanMalus,0.0
5,meanMalus,0.0
5,meanMalus,0.0
5,meanMalus,0.0
5,meanMalus,0.0
5,meanMalus,0.0
5,meanMalus,0.0
5,meanMalus,0.0
5,meanMalus,0.0
5,meanMalus,0.0
5,meanMalus,0.0
5,meanMalus,0.0
5,meanMalus,0.0
5,meanMalus,0.0
5,meanMalus,0.0
5,meanMalus,0.0
5,meanMalus,0.0
5,meanMalus,0.0
5,meanMalus,0.0
5,meanMalus,0.0
5,receivedPackets,500230.0
5,responseTime,
5,responseTime,
5,responseTime,
5,responseTime,
5,responseTime,
5,responseTime,
5,responseTime,16.472748718006
5,responseTime,
5,responseTime,
5,responseTime,
5,responseTime,
5,responseTime,
5,responseTime,
5,responseTime,
5,responseTime,
5,responseTime,
5,responseTime,
5,responseTime,
5,responseTime,
5,responseTime,6.1845506907848
5,responseTime,
5,responseTime,
5,responseTime,35.604917890523
5,responseTime,
5,responseTime,
5,responseTime,
5,responseTime,
5,responseTime,
5,responseTime,
5,responseTime,
5,responseTime,
5,responseTime,
5,responseTime,
5,responseTime,
5,responseTime,
5,responseTime,
5,responseTime,
5,responseTime,
5,responseTime,
5,responseTime,20.271087737476
5,responseTime,
5,responseTime,
5,responseTime,
5,responseTime,
5,responseTime,
5,responseTime,
5,responseTime,19.623119144368
5,responseTime,
5,responseTime,
5,responseTime,
5,responseTime,
5,responseTime,
5,responseTime,
5,responseTime,
5,responseTime,
5,responseTime,
5,responseTime,
5,responseTime,
5,responseTime,18.400815138158
5,responseTime,
5,responseTime,
5,responseTime,
5,responseTime,
5,responseTime,
5,responseTime,
5,responseTime,20.008902914671
5,responseTime,
5,responseTime,
5,responseTime,
5,responseTime,
5,responseTime,
5,responseTime,16.83944880373
5,responseTime,
5,responseTime,
5,responseTime,
5,responseTime,
5,responseTime,
5,responseTime,
5,responseTime,
5,responseTime,
5,responseTime,
5,responseTime,
5,responseTime,
5,responseTime,18.332162756215
5,responseTime,
5,responseTime,
5,responseTime,
5,responseTime,
5,responseTime,
5,responseTime,
5,responseTime,18.711699354216
5,responseTime,
5,responseTime,
5,responseTime,
5,responseTime,
5,responseTime,
5,responseTime,
5,responseTime,
5,responseTime,
5,responseTime,
5,sentPackets,55825.0
5,sentPackets,55747.0
5,sentPackets,55976.0
5,sentPackets,55518.0
5,sentPackets,55711.0
5,sentPackets,55519.0
5,sentPackets,55917.0
5,sentPackets,55646.0
5,sentPackets,55838.0
5,sentPackets,55661.0
6,actualCapacity,
6,actualCapacity,
6,actualCapacity,
6,actualCapacity,
6,actualCapacity,
6,actualCapacity,
6,actualCapacity,9311.2796171953
6,actualCapacity,
6,actualCapacity,
6,actualCapacity,
6,actualCapacity,
6,actualCapacity,
6,actualCapacity,
6,actualCapacity,
6,actualCapacity,
6,actualCapacity,
6,actualCapacity,
6,actualCapacity,
6,actualCapacity,9120.9971802658
6,actualCapacity,
6,actualCapacity,
6,actualCapacity,
6,actualCapacity,9186.8325926506
6,actualCapacity,
6,actualCapacity,
6,actualCapacity,
6,actualCapacity,
6,actualCapacity,
6,actualCapacity,
6,actualCapacity,
6,actualCapacity,
6,actualCapacity,
6,actualCapacity,
6,actualCapacity,
6,actualCapacity,
6,actualCapacity,9045.6165828846
6,actualCapacity,
6,actualCapacity,
6,actualCapacity,
6,actualCapacity,
6,actualCapacity,
6,actualCapacity,
6,actualCapacity,
6,actualCapacity,
6,actualCapacity,
6,actualCapacity,
6,actualCapacity,
6,actualCapacity,
6,actualCapacity,
6,actualCapacity,9076.7385846105
6,actualCapacity,
6,actualCapacity,
6,actualCapacity,
6,actualCapacity,
6,actualCapacity,
6,actualCapacity,9188.7457282104
6,actualCapacity,
6,actualCapacity,
6,actualCapacity,
6,actualCapacity,
6,actualCapacity,9318.7618238678
6,actualCapacity,
6,actualCapacity,
6,actualCapacity,
6,actualCapacity,
6,actualCapacity,
6,actualCapacity,
6,actualCapacity,
6,actualCapacity,
6,actualCapacity,
6,actualCapacity,
6,actualCapacity,8901.1536938648
6,actualCapacity,
6,actualCapacity,
6,actualCapacity,
6,actualCapacity,
6,actualCapacity,
6,actualCapacity,
6,actualCapacity,
6,actualCapacity,
6,actualCapacity,8964.1374957352
6,actualCapacity,
6,actualCapacity,
6,actualCapacity,
6,actualCapacity,
6,actualCapacity,
6,actualCapacity,
6,actualCapacity,
6,actualCapacity,
6,actualCapacity,
6,actualCapacity,
6,actualCapacity,
6,actualCapacity,
6,actualCapacity,
6,actualCapacity,
6,actualCapacity,
6,actualCapacity,
6,actualCapacity,
6,actualCapacity,
6,actualCapacity,8730.4309375193
6,meanMalus,0.0
6,meanMalus,0.0
6,meanMalus,0.0
6,meanMalus,0.0
6,meanMalus,0.0
6,meanMalus,0.0
6,meanMalus,0.0
6,meanMalus,0.0
6,meanMalus,0.0
6,meanMalus,0.0
6,meanMalus,0.0
6,meanMalus,0.0
6,meanMalus,0.0
6,meanMalus,0.0
6,meanMalus,0.0
6,meanMalus,0.0
6,meanMalus,0.0
6,meanMalus,0.0
6,meanMalus,0.0
6,meanMalus,0.0
6,meanMalus,0.0
6,meanMalus,0.0
6,meanMalus,0.0
6,meanMalus,0.0
6,meanMalus,0.0
6,meanMalus,0.0
6,meanMalus,0.0
6,meanMalus,0.0
6,meanMalus,0.0
6,meanMalus,0.0
6,meanMalus,0.0
6,meanMalus,0.0
6,meanMalus,0.0
6,meanMalus,0.0
6,meanMalus,0.0
6,meanMalus,0.0
6,meanMalus,0.0
6,meanMalus,0.0
6,meanMalus,0.0
6,meanMalus,0.0
6,meanMalus,0.0
6,meanMalus,0.0
6,meanMalus,0.0
6,meanMalus,0.0
6,meanMalus,0.0
6,meanMalus,0.0
6,meanMalus,0.0
6,meanMalus,0.0
6,meanMalus,0.0
6,meanMalus,0.0
6,meanMalus,0.0
6,meanMalus,0.0
6,meanMalus,0.0
6,meanMalus,0.0
6,meanMalus,0.0
6,meanMalus,0.0
6,meanMalus,0.0
6,meanMalus,0.0
6,meanMalus,0.0
6,meanMalus,0.0
6,meanMalus,0.0
6,meanMalus,0.0
6,meanMalus,0.0
6,meanMalus,0.0
6,meanMalus,0.0
6,meanMalus,0.0
6,meanMalus,0.0
6,meanMalus,0.0
6,meanMalus,0.0
6,meanMalus,0.0
6,meanMalus,0.0
6,meanMalus,0.0
6,meanMalus,0.0
6,meanMalus,0.0
6,meanMalus,0.0
6,meanMalus,0.0
6,meanMalus,0.0
6,meanMalus,0.0
6,meanMalus,0.0
6,meanMalus,0.0
6,meanMalus,0.0
6,meanMalus,0.0
6,meanMalus,0.0
6,meanMalus,0.0
6,meanMalus,0.0
6,meanMalus,0.0
6,meanMalus,0.0
6,meanMalus,0.0
6,meanMalus,0.0
6,meanMalus,0.0
6,meanMalus,0.0
6,meanMalus,0.0
6,meanMalus,0.0
6,meanMalus,0.0
6,meanMalus,0.0
6,meanMalus,0.0
6,meanMalus,0.0
6,meanMalus,0.0
6,meanMalus,0.0
6,meanMalus,0.0
6,receivedPackets,505216.0
6,responseTime,
6,responseTime,
6,responseTime,
6,responseTime,
6,responseTime,
6,responseTime,
6,responseTime,12.341520188626
6,responseTime,
6,responseTime,
6,responseTime,
6,responseTime,
6,responseTime,
6,responseTime,
6,responseTime,
6,responseTime,
6,responseTime,
6,responseTime,
6,responseTime,
6,responseTime,21.941239600808
6,responseTime,
6,responseTime,
6,responseTime,
6,responseTime,16.392413497799
6,responseTime,
6,responseTime,
6,responseTime,
6,responseTime,
6,responseTime,
6,responseTime,
6,responseTime,
6,responseTime,
6,responseTime,
6,responseTime,
6,responseTime,
6,responseTime,
6,responseTime,17.705017039898
6,responseTime,
6,responseTime,
6,responseTime,
6,responseTime,
6,responseTime,
6,responseTime,
6,responseTime,
6,responseTime,
6,responseTime,
6,responseTime,
6,responseTime,
6,responseTime,
6,responseTime,
6,responseTime,17.337513028615
6,responseTime,
6,responseTime,
6,responseTime,
6,responseTime,
6,responseTime,
6,responseTime,14.454331493191
6,responseTime,
6,responseTime,
6,responseTime,
6,responseTime,
6,responseTime,18.255829093282
6,responseTime,
6,responseTime,
6,responseTime,
6,responseTime,
6,responseTime,
6,responseTime,
6,responseTime,
6,responseTime,
6,responseTime,
6,responseTime,
6,responseTime,21.285601334835
6,responseTime,
6,responseTime,
6,responseTime,
6,responseTime,
6,responseTime,
6,responseTime,
6,responseTime,
6,responseTime,
6,responseTime,14.883742012921
6,responseTime,
6,responseTime,
6,responseTime,
6,responseTime,
6,responseTime,
6,responseTime,
6,responseTime,
6,responseTime,
6,responseTime,
6,responseTime,
6,responseTime,
6,responseTime,
6,responseTime,
6,responseTime,
6,responseTime,
6,responseTime,
6,responseTime,
6,responseTime,
6,responseTime,26.122926097104
6,sentPackets,55601.0
6,sentPackets,56142.0
6,sentPackets,55863.0
6,sentPackets,55616.0
6,sentPackets,55444.0
6,sentPackets,55752.0
6,sentPackets,55674.0
6,sentPackets,55318.0
6,sentPackets,55097.0
6,sentPackets,55761.0
7,actualCapacity,
7,actualCapacity,
7,actualCapacity,
7,actualCapacity,
7,actualCapacity,
7,actualCapacity,
7,actualCapacity,9668.8934452097
7,actualCapacity,
7,actualCapacity,
7,actualCapacity,
7,actualCapacity,
7,actualCapacity,
7,actualCapacity,
7,actualCapacity,
7,actualCapacity,
7,actualCapacity,
7,actualCapacity,
7,actualCapacity,
7,actualCapacity,
7,actualCapacity,9003.27312
7,actualCapacity,8689.8991707852
7,actualCapacity,
7,actualCapacity,
7,actualCapacity,
7,actualCapacity,
7,actualCapacity,
7,actualCapacity,
7,actualCapacity,
7,actualCapacity,
7,actualCapacity,
7,actualCapacity,
7,actualCapacity,
7,actualCapacity,
7,actualCapacity,
7,actualCapacity,
7,actualCapacity,
7,actualCapacity,9217.5203860355
7,actualCapacity,
7,actualCapacity,
7,actualCapacity,
7,actualCapacity,
7,actualCapacity,
7,actualCapacity,
7,actualCapacity,
7,actualCapacity,
7,actualCapacity,8819.1421724588
7,actualCapacity,
7,actualCapacity,
7,actualCapacity,
7,actualCapacity,
7,actualCapacity,
7,actualCapacity,
7,actualCapacity,
7,actualCapacity,9010.0539672406
7,actualCapacity,
7,actualCapacity,
7,actualCapacity,
7,actualCapacity,
7,actualCapacity,
7,actualCapacity,
7,actualCapacity,
7,actualCapacity,
7,actualCapacity,9176.7513716884
7,actualCapacity,
7,actualCapacity,
7,actualCapacity,
7,actualCapacity,
7,actualCapacity,
7,actualCapacity,
7,actualCapacity,
7,actualCapacity,
7,actualCapacity,
7,actualCapacity,
7,actualCapacity,
7,actualCapacity,
7,actualCapacity,
7,actualCapacity,
7,actualCapacity,
7,actualCapacity,9164.9107679023
7,actualCapacity,
7,actualCapacity,
7,actualCapacity,
7,actualCapacity,
7,actualCapacity,
7,actualCapacity,
7,actualCapacity,
7,actualCapacity,
7,actualCapacity,9097.7640804711
7,actualCapacity,
7,actualCapacity,
7,actualCapacity,
7,actualCapacity,
7,actualCapacity,
7,actualCapacity,9087.6491050722
7,actualCapacity,
7,actualCapacity,
7,actualCapacity,
7,actualCapacity,
7,actualCapacity,
7,actualCapacity,
7,meanMalus,0.0
7,meanMalus,0.0
7,meanMalus,0.0
7,meanMalus,0.0
7,meanMalus,0.0
7,meanMalus,0.0
7,meanMalus,0.0
7,meanMalus,0.0
7,meanMalus,0.0
7,meanMalus,0.0
7,meanMalus,0.0
7,meanMalus,0.0
7,meanMalus,0.0
7,meanMalus,0.0
7,meanMalus,0.0
7,meanMalus,0.0
7,meanMalus,0.0
7,meanMalus,0.0
7,meanMalus,0.0
7,meanMalus,0.0
7,meanMalus,0.0
7,meanMalus,0.0
7,meanMalus,0.0
7,meanMalus,0.0
7,meanMalus,0.0
7,meanMalus,0.0
7,meanMalus,0.0
7,meanMalus,0.0
7,meanMalus,0.0
7,meanMalus,0.0
7,meanMalus,0.0
7,meanMalus,0.0
7,meanMalus,0.0
7,meanMalus,0.0
7,meanMalus,0.0
7,meanMalus,0.0
7,meanMalus,0.0
7,meanMalus,0.0
7,meanMalus,0.0
7,meanMalus,0.0
7,meanMalus,0.0
7,meanMalus,0.0
7,meanMalus,0.0
7,meanMalus,0.0
7,meanMalus,0.0
7,meanMalus,0.0
7,meanMalus,0.0
7,meanMalus,0.0
7,meanMalus,0.0
7,meanMalus,0.0
7,meanMalus,0.0
7,meanMalus,0.0
7,meanMalus,0.0
7,meanMalus,0.0
7,meanMalus,0.0
7,meanMalus,0.0
7,meanMalus,0.0
7,meanMalus,0.0
7,meanMalus,0.0
7,meanMalus,0.0
7,meanMalus,0.0
7,meanMalus,0.0
7,meanMalus,0.0
7,meanMalus,0.0
7,meanMalus,0.0
7,meanMalus,0.0
7,meanMalus,0.0
7,meanMalus,0.0
7,meanMalus,0.0
7,meanMalus,0.0
7,meanMalus,0.0
7,meanMalus,0.0
7,meanMalus,0.0
7,meanMalus,0.0
7,meanMalus,0.0
7,meanMalus,0.0
7,meanMalus,0.0
7,meanMalus,0.0
7,meanMalus,0.0
7,meanMalus,0.0
7,meanMalus,0.0
7,meanMalus,0.0
7,meanMalus,0.0
7,meanMalus,0.0
7,meanMalus,0.0
7,meanMalus,0.0
7,meanMalus,0.0
7,meanMalus,0.0
7,meanMalus,0.0
7,meanMalus,0.0
7,meanMalus,0.0
7,meanMalus,0.0
7,meanMalus,0.0
7,meanMalus,0.0
7,meanMalus,0.0
7,meanMalus,0.0
7,meanMalus,0.0
7,meanMalus,0.0
7,meanMalus,0.0
7,meanMalus,0.0
7,receivedPackets,505612.0
7,responseTime,
7,responseTime,
7,responseTime,
7,responseTime,
7,responseTime,
7,responseTime,
7,responseTime,6.4040371213133
7,responseTime,
7,responseTime,
7,responseTime,
7,responseTime,
7,responseTime,
7,responseTime,
7,responseTime,
7,responseTime,
7,responseTime,
7,responseTime,
7,responseTime,
7,responseTime,
7,responseTime,18.162793699771
7,responseTime,25.985657893086
7,responseTime,
7,responseTime,
7,responseTime,
7,responseTime,
7,responseTime,
7,responseTime,
7,responseTime,
7,responseTime,
7,responseTime,
7,responseTime,
7,responseTime,
7,responseTime,
7,responseTime,
7,responseTime,
7,responseTime,
7,responseTime,14.975285984124
7,responseTime,
7,responseTime,
7,responseTime,
7,responseTime,
7,responseTime,
7,responseTime,
7,responseTime,
7,responseTime,
7,responseTime,26.783480707579
7,responseTime,
7,responseTime,
7,responseTime,
7,responseTime,
7,responseTime,
7,responseTime,
7,responseTime,
7,responseTime,19.738502574423
7,responseTime,
7,responseTime,
7,responseTime,
7,responseTime,
7,responseTime,
7,responseTime,
7,responseTime,
7,responseTime,
7,responseTime,18.602447295311
7,responseTime,
7,responseTime,
7,responseTime,
7,responseTime,
7,responseTime,
7,responseTime,
7,responseTime,
7,responseTime,
7,responseTime,
7,responseTime,
7,responseTime,
7,responseTime,
7,responseTime,
7,responseTime,
7,responseTime,
7,responseTime,20.144502123208
7,responseTime,
7,responseTime,
7,responseTime,
7,responseTime,
7,responseTime,
7,responseTime,
7,responseTime,
7,responseTime,
7,responseTime,16.789063391912
7,responseTime,
7,responseTime,
7,responseTime,
7,responseTime,
7,responseTime,
7,responseTime,14.517721828551
7,responseTime,
7,responseTime,
7,responseTime,
7,responseTime,
7,responseTime,
7,responseTime,
7,sentPackets,55460.0
7,sentPackets,55669.0
7,sentPackets,55829.0
7,sentPackets,55723.0
7,sentPackets,56085.0
7,sentPackets,55587.0
7,sentPackets,55639.0
7,sentPackets,55798.0
7,sentPackets,55924.0
7,sentPackets,55941.0
8,actualCapacity,9080.8823039886
8,actualCapacity,
8,actualCapacity,
8,actualCapacity,
8,actualCapacity,
8,actualCapacity,
8,actualCapacity,
8,actualCapacity,
8,actualCapacity,
8,actualCapacity,
8,actualCapacity,9189.2579400067
8,actualCapacity,
8,actualCapacity,
8,actualCapacity,
8,actualCapacity,
8,actualCapacity,
8,actualCapacity,
8,actualCapacity,
8,actualCapacity,
8,actualCapacity,
8,actualCapacity,
8,actualCapacity,
8,actualCapacity,
8,actualCapacity,
8,actualCapacity,
8,actualCapacity,
8,actualCapacity,9026.869637883
8,actualCapacity,
8,actualCapacity,
8,actualCapacity,
8,actualCapacity,9177.2169672757
8,actualCapacity,
8,actualCapacity,
8,actualCapacity,
8,actualCapacity,
8,actualCapacity,
8,actualCapacity,
8,actualCapacity,
8,actualCapacity,
8,actualCapacity,
8,actualCapacity,
8,actualCapacity,
8,actualCapacity,
8,actualCapacity,
8,actualCapacity,
8,actualCapacity,
8,actualCapacity,
8,actualCapacity,
8,actualCapacity,9048.6043628561
8,actualCapacity,
8,actualCapacity,
8,actualCapacity,
8,actualCapacity,
8,actualCapacity,
8,actualCapacity,
8,actualCapacity,
8,actualCapacity,
8,actualCapacity,
8,actualCapacity,8778.6270658192
8,actualCapacity,
8,actualCapacity,
8,actualCapacity,
8,actualCapacity,9096.4493922324
8,actualCapacity,
8,actualCapacity,
8,actualCapacity,
8,actualCapacity,
8,actualCapacity,
8,actualCapacity,
8,actualCapacity,
8,actualCapacity,
8,actualCapacity,
8,actualCapacity,
8,actualCapacity,
8,actualCapacity,8827.2325301451
8,actualCapacity,
8,actualCapacity,
8,actualCapacity,
8,actualCapacity,
8,actualCapacity,
8,actualCapacity,
8,actualCapacity,
8,actualCapacity,
8,actualCapacity,
8,actualCapacity,
8,actualCapacity,
8,actualCapacity,
8,actualCapacity,
8,actualCapacity,8475.0868135133
8,actualCapacity,
8,actualCapacity,
8,actualCapacity,
8,actualCapacity,
8,actualCapacity,
8,actualCapacity,9118.4537700646
8,actualCapacity,
8,actualCapacity,
8,actualCapacity,
8,actualCapacity,
8,actualCapacity,
8,meanMalus,0.0
8,meanMalus,0.0
8,meanMalus,0.0
8,meanMalus,0.0
8,meanMalus,0.0
8,meanMalus,0.0
8,meanMalus,0.0
8,meanMalus,0.0
8,meanMalus,0.0
8,meanMalus,0.0
8,meanMalus,0.0
8,meanMalus,0.0
8,meanMalus,0.0
8,meanMalus,0.0
8,meanMalus,0.0
8,meanMalus,0.0
8,meanMalus,0.0
8,meanMalus,0.0
8,meanMalus,0.0
8,meanMalus,0.0
8,meanMalus,0.0
8,meanMalus,0.0
8,meanMalus,0.0
8,meanMalus,0.0
8,meanMalus,0.0
8,meanMalus,0.0
8,meanMalus,0.0
8,meanMalus,0.0
8,meanMalus,0.0
8,meanMalus,0.0
8,meanMalus,0.0
8,meanMalus,0.0
8,meanMalus,0.0
8,meanMalus,0.0
8,meanMalus,0.0
8,meanMalus,0.0
8,meanMalus,0.0
8,meanMalus,0.0
8,meanMalus,0.0
8,meanMalus,0.0
8,meanMalus,0.0
8,meanMalus,0.0
8,meanMalus,0.0
8,meanMalus,0.0
8,meanMalus,0.0
8,meanMalus,0.0
8,meanMalus,0.0
8,meanMalus,0.0
8,meanMalus,0.0
8,meanMalus,0.0
8,meanMalus,0.0
8,meanMalus,0.0
8,meanMalus,0.0
8,meanMalus,0.0
8,meanMalus,0.0
8,meanMalus,0.0
8,meanMalus,0.0
8,meanMalus,0.0
8,meanMalus,0.0
8,meanMalus,0.0
8,meanMalus,0.0
8,meanMalus,0.0
8,meanMalus,0.0
8,meanMalus,0.0
8,meanMalus,0.0
8,meanMalus,0.0
8,meanMalus,0.0
8,meanMalus,0.0
8,meanMalus,0.0
8,meanMalus,0.0
8,meanMalus,0.0
8,meanMalus,0.0
8,meanMalus,0.0
8,meanMalus,0.0
8,meanMalus,0.0
8,meanMalus,0.0
8,meanMalus,0.0
8,meanMalus,0.0
8,meanMalus,0.0
8,meanMalus,0.0
8,meanMalus,0.0
8,meanMalus,0.0
8,meanMalus,0.0
8,meanMalus,0.0
8,meanMalus,0.0
8,meanMalus,0.0
8,meanMalus,0.0
8,meanMalus,0.0
8,meanMalus,0.0
8,meanMalus,0.0
8,meanMalus,0.0
8,meanMalus,0.0
8,meanMalus,0.0
8,meanMalus,0.0
8,meanMalus,0.0
8,meanMalus,0.0
8,meanMalus,0.0
8,meanMalus,0.0
8,meanMalus,0.0
8,meanMalus,0.0
8,receivedPackets,499316.0
8,responseTime,20.652445447975
8,responseTime,
8,responseTime,
8,responseTime,
8,responseTime,
8,responseTime,
8,responseTime,
8,responseTime,
8,responseTime,
8,responseTime,
8,responseTime,21.762479809754
8,responseTime,
8,responseTime,
8,responseTime,
8,responseTime,
8,responseTime,
8,responseTime,
8,responseTime,
8,responseTime,
8,responseTime,
8,responseTime,
8,responseTime,
8,responseTime,
8,responseTime,
8,responseTime,
8,responseTime,
8,responseTime,21.141258328111
8,responseTime,
8,responseTime,
8,responseTime,
8,responseTime,14.140485999848
8,responseTime,
8,responseTime,
8,responseTime,
8,responseTime,
8,responseTime,
8,responseTime,
8,responseTime,
8,responseTime,
8,responseTime,
8,responseTime,
8,responseTime,
8,responseTime,
8,responseTime,
8,responseTime,
8,responseTime,
8,responseTime,
8,responseTime,
8,responseTime,18.20445935505
8,responseTime,
8,responseTime,
8,responseTime,
8,responseTime,
8,responseTime,
8,responseTime,
8,responseTime,
8,responseTime,
8,responseTime,
8,responseTime,22.868943604714
8,responseTime,
8,responseTime,
8,responseTime,
8,responseTime,18.460542322531
8,responseTime,
8,responseTime,
8,responseTime,
8,responseTime,
8,responseTime,
8,responseTime,
8,responseTime,
8,responseTime,
8,responseTime,
8,responseTime,
8,responseTime,
8,responseTime,23.241745381604
8,responseTime,
8,responseTime,
8,responseTime,
8,responseTime,
8,responseTime,
8,responseTime,
8,responseTime,
8,responseTime,
8,responseTime,
8,responseTime,
8,responseTime,
8,responseTime,
8,responseTime,
8,responseTime,31.632340610439
8,responseTime,
8,responseTime,
8,responseTime,
8,responseTime,
8,responseTime,
8,responseTime,19.845895781774
8,responseTime,
8,responseTime,
8,responseTime,
8,responseTime,
8,responseTime,
8,sentPackets,55866.0
8,sentPackets,55887.0
8,sentPackets,55840.0
8,sentPackets,55312.0
8,sentPackets,55857.0
8,sentPackets,55647.0
8,sentPackets,56160.0
8,sentPackets,55998.0
8,sentPackets,55856.0
8,sentPackets,55851.0
9,actualCapacity,
9,actualCapacity,
9,actualCapacity,
9,actualCapacity,
9,actualCapacity,
9,actualCapacity,9415.6285479776
9,actualCapacity,
9,actualCapacity,
9,actualCapacity,
9,actualCapacity,
9,actualCapacity,
9,actualCapacity,
9,actualCapacity,
9,actualCapacity,
9,actualCapacity,
9,actualCapacity,8944.0805984556
9,actualCapacity,
9,actualCapacity,
9,actualCapacity,
9,actualCapacity,
9,actualCapacity,
9,actualCapacity,
9,actualCapacity,
9,actualCapacity,
9,actualCapacity,8964.1794454817
9,actualCapacity,
9,actualCapacity,
9,actualCapacity,
9,actualCapacity,
9,actualCapacity,
9,actualCapacity,
9,actualCapacity,
9,actualCapacity,
9,actualCapacity,
9,actualCapacity,
9,actualCapacity,
9,actualCapacity,
9,actualCapacity,9212.2207136029
9,actualCapacity,
9,actualCapacity,
9,actualCapacity,
9,actualCapacity,
9,actualCapacity,
9,actualCapacity,
9,actualCapacity,
9,actualCapacity,9046.4419610957
9,actualCapacity,
9,actualCapacity,
9,actualCapacity,
9,actualCapacity,
9,actualCapacity,
9,actualCapacity,
9,actualCapacity,
9,actualCapacity,
9,actualCapacity,
9,actualCapacity,
9,actualCapacity,
9,actualCapacity,
9,actualCapacity,9074.2282116469
9,actualCapacity,
9,actualCapacity,8904.4295204442
9,actualCapacity,
9,actualCapacity,
9,actualCapacity,
9,actualCapacity,
9,actualCapacity,
9,actualCapacity,
9,actualCapacity,
9,actualCapacity,
9,actualCapacity,
9,actualCapacity,
9,actualCapacity,
9,actualCapacity,8908.7511530992
9,actualCapacity,
9,actualCapacity,
9,actualCapacity,
9,actualCapacity,
9,actualCapacity,
9,actualCapacity,
9,actualCapacity,
9,actualCapacity,
9,actualCapacity,
9,actualCapacity,
9,actualCapacity,
9,actualCapacity,
9,actualCapacity,
9,actualCapacity,
9,actualCapacity,
9,actualCapacity,8715.0415127819
9,actualCapacity,
9,actualCapacity,
9,actualCapacity,
9,actualCapacity,
9,actualCapacity,
9,actualCapacity,
9,actualCapacity,
9,actualCapacity,
9,actualCapacity,8949.1391035861
9,actualCapacity,
9,actualCapacity,
9,meanMalus,0.0
9,meanMalus,0.0
9,meanMalus,0.0
9,meanMalus,0.0
9,meanMalus,0.0
9,meanMalus,0.0
9,meanMalus,0.0
9,meanMalus,0.0
9,meanMalus,0.0
9,meanMalus,0.0
9,meanMalus,0.0
9,meanMalus,0.0
9,meanMalus,0.0
9,meanMalus,0.0
9,meanMalus,0.0
9,meanMalus,0.0
9,meanMalus,0.0
9,meanMalus,0.0
9,meanMalus,0.0
9,meanMalus,0.0
9,meanMalus,0.0
9,meanMalus,0.0
9,meanMalus,0.0
9,meanMalus,0.0
9,meanMalus,0.0
9,meanMalus,0.0
9,meanMalus,0.0
9,meanMalus,0.0
9,meanMalus,0.0
9,meanMalus,0.0
9,meanMalus,0.0
9,meanMalus,0.0
9,meanMalus,0.0
9,meanMalus,0.0
9,meanMalus,0.0
9,meanMalus,0.0
9,meanMalus,0.0
9,meanMalus,0.0
9,meanMalus,0.0
9,meanMalus,0.0
9,meanMalus,0.0
9,meanMalus,0.0
9,meanMalus,0.0
9,meanMalus,0.0
9,meanMalus,0.0
9,meanMalus,0.0
9,meanMalus,0.0
9,meanMalus,0.0
9,meanMalus,0.0
9,meanMalus,0.0
9,meanMalus,0.0
9,meanMalus,0.0
9,meanMalus,0.0
9,meanMalus,0.0
9,meanMalus,0.0
9,meanMalus,0.0
9,meanMalus,0.0
9,meanMalus,0.0
9,meanMalus,0.0
9,meanMalus,0.0
9,meanMalus,0.0
9,meanMalus,0.0
9,meanMalus,0.0
9,meanMalus,0.0
9,meanMalus,0.0
9,meanMalus,0.0
9,meanMalus,0.0
9,meanMalus,0.0
9,meanMalus,0.0
9,meanMalus,0.0
9,meanMalus,0.0
9,meanMalus,0.0
9,meanMalus,0.0
9,meanMalus,0.0
9,meanMalus,0.0
9,meanMalus,0.0
9,meanMalus,0.0
9,meanMalus,0.0
9,meanMalus,0.0
9,meanMalus,0.0
9,meanMalus,0.0
9,meanMalus,0.0
9,meanMalus,0.0
9,meanMalus,0.0
9,meanMalus,0.0
9,meanMalus,0.0
9,meanMalus,0.0
9,meanMalus,0.0
9,meanMalus,0.0
9,meanMalus,0.0
9,meanMalus,0.0
9,meanMalus,0.0
9,meanMalus,0.0
9,meanMalus,0.0
9,meanMalus,0.0
9,meanMalus,0.0
9,meanMalus,0.0
9,meanMalus,0.0
9,meanMalus,0.0
9,meanMalus,0.0
9,receivedPackets,500892.0
9,responseTime,
9,responseTime,
9,responseTime,
9,responseTime,
9,responseTime,
9,responseTime,7.7957097646432
9,responseTime,
9,responseTime,
9,responseTime,
9,responseTime,
9,responseTime,
9,responseTime,
9,responseTime,
9,responseTime,
9,responseTime,
9,responseTime,18.289444885642
9,responseTime,
9,responseTime,
9,responseTime,
9,responseTime,
9,responseTime,
9,responseTime,
9,responseTime,
9,responseTime,
9,responseTime,21.598834210231
9,responseTime,
9,responseTime,
9,responseTime,
9,responseTime,
9,responseTime,
9,responseTime,
9,responseTime,
9,responseTime,
9,responseTime,
9,responseTime,
9,responseTime,
9,responseTime,
9,responseTime,16.441100357635
9,responseTime,
9,responseTime,
9,responseTime,
9,responseTime,
9,responseTime,
9,responseTime,
9,responseTime,
9,responseTime,20.62811493917
9,responseTime,
9,responseTime,
9,responseTime,
9,responseTime,
9,responseTime,
9,responseTime,
9,responseTime,
9,responseTime,
9,responseTime,
9,responseTime,
9,responseTime,
9,responseTime,
9,responseTime,17.476840380937
9,responseTime,
9,responseTime,21.118119740936
9,responseTime,
9,responseTime,
9,responseTime,
9,responseTime,
9,responseTime,
9,responseTime,
9,responseTime,
9,responseTime,
9,responseTime,
9,responseTime,
9,responseTime,
9,responseTime,17.218359062996
9,responseTime,
9,responseTime,
9,responseTime,
9,responseTime,
9,responseTime,
9,responseTime,
9,responseTime,
9,responseTime,
9,responseTime,
9,responseTime,
9,responseTime,
9,responseTime,
9,responseTime,
9,responseTime,
9,responseTime,
9,responseTime,25.240235284577
9,responseTime,
9,responseTime,
9,responseTime,
9,responseTime,
9,responseTime,
9,responseTime,
9,responseTime,
9,responseTime,
9,responseTime,13.545521971309
9,responseTime,
9,responseTime,
9,sentPackets,55537.0
9,sentPackets,55241.0
9,sentPackets,55789.0
9,sentPackets,55807.0
9,sentPackets,55743.0
9,sentPackets,56116.0
9,sentPackets,55832.0
9,sentPackets,55569.0
9,sentPackets,55477.0
9,sentPackets,55818.0
